{
  "Homepage" : {
    "transaction" : "Homepage",
    "sampleCount" : 50,
    "errorCount" : 0,
    "errorPct" : 0.0,
    "meanResTime" : 716.38,
    "medianResTime" : 570.5,
    "minResTime" : 400.0,
    "maxResTime" : 1975.0,
    "pct1ResTime" : 1510.4999999999998,
    "pct2ResTime" : 1850.7499999999998,
    "pct3ResTime" : 1975.0,
    "throughput" : 1.6230077579770832,
    "receivedKBytesPerSec" : 3.6423527424773594,
    "sentKBytesPerSec" : 1.0920433059045023
  },
  "Debug Sampler" : {
    "transaction" : "Debug Sampler",
    "sampleCount" : 50,
    "errorCount" : 0,
    "errorPct" : 0.0,
    "meanResTime" : 1.1600000000000004,
    "medianResTime" : 0.0,
    "minResTime" : 0.0,
    "maxResTime" : 15.0,
    "pct1ResTime" : 3.8999999999999986,
    "pct2ResTime" : 8.449999999999996,
    "pct3ResTime" : 15.0,
    "throughput" : 1.7152070254879763,
    "receivedKBytesPerSec" : 0.9842340314225927,
    "sentKBytesPerSec" : 0.0
  },
  "PurchaseFlight" : {
    "transaction" : "PurchaseFlight",
    "sampleCount" : 100,
    "errorCount" : 0,
    "errorPct" : 0.0,
    "meanResTime" : 434.3399999999998,
    "medianResTime" : 410.5,
    "minResTime" : 387.0,
    "maxResTime" : 618.0,
    "pct1ResTime" : 559.7,
    "pct2ResTime" : 605.0,
    "pct3ResTime" : 618.0,
    "throughput" : 3.3757553252540258,
    "receivedKBytesPerSec" : 8.477365560544172,
    "sentKBytesPerSec" : 3.0592782635114606
  },
  "Total" : {
    "transaction" : "Total",
    "sampleCount" : 250,
    "errorCount" : 0,
    "errorPct" : 0.0,
    "meanResTime" : 409.61199999999997,
    "medianResTime" : 412.5,
    "minResTime" : 0.0,
    "maxResTime" : 1975.0,
    "pct1ResTime" : 616.9,
    "pct2ResTime" : 645.5999999999999,
    "pct3ResTime" : 1852.1500000000003,
    "throughput" : 7.7651809287156395,
    "receivedKBytesPerSec" : 15.501030099782575,
    "sentKBytesPerSec" : 5.3895208883366985
  },
  "Blazedemo" : {
    "transaction" : "Blazedemo",
    "sampleCount" : 50,
    "errorCount" : 0,
    "errorPct" : 0.0,
    "meanResTime" : 716.38,
    "medianResTime" : 570.5,
    "minResTime" : 400.0,
    "maxResTime" : 1975.0,
    "pct1ResTime" : 1510.4999999999998,
    "pct2ResTime" : 1850.7499999999998,
    "pct3ResTime" : 1975.0,
    "throughput" : 1.6183848519177861,
    "receivedKBytesPerSec" : 3.63197802031073,
    "sentKBytesPerSec" : 1.0889327763392134
  },
  "SearchFlights" : {
    "transaction" : "SearchFlights",
    "sampleCount" : 100,
    "errorCount" : 0,
    "errorPct" : 0.0,
    "meanResTime" : 475.64,
    "medianResTime" : 430.0,
    "minResTime" : 381.0,
    "maxResTime" : 635.0,
    "pct1ResTime" : 620.0,
    "pct2ResTime" : 625.0,
    "pct3ResTime" : 635.0,
    "throughput" : 3.372567535664902,
    "receivedKBytesPerSec" : 7.864932885906041,
    "sentKBytesPerSec" : 2.880515201848167
  },
  "EnterDetails" : {
    "transaction" : "EnterDetails",
    "sampleCount" : 100,
    "errorCount" : 0,
    "errorPct" : 0.0,
    "meanResTime" : 420.53999999999996,
    "medianResTime" : 409.0,
    "minResTime" : 383.0,
    "maxResTime" : 629.0,
    "pct1ResTime" : 439.70000000000005,
    "pct2ResTime" : 554.0,
    "pct3ResTime" : 629.0,
    "throughput" : 3.37963432356619,
    "receivedKBytesPerSec" : 7.84009154584474,
    "sentKBytesPerSec" : 3.5050504410422794
  }
}